{"cameraMode":{"drawMode":0,"name":"Shaded","section":"Shading Mode"},"sceneLighting":true,"audioPlay":false,"sceneViewState":{"m_AlwaysRefresh":false,"showFog":true,"showSkybox":true,"showFlares":true,"showImageEffects":true,"showParticleSystems":true,"showVisualEffectGraphs":true,"m_FxEnabled":true},"in2DMode":false,"pivot":{"x":659.3743896484375,"y":51.55265426635742,"z":299.94561767578127},"rotation":{"x":0.01889706961810589,"y":0.0029962470289319755,"z":-0.00005767476977780461,"w":0.9998167753219605},"size":196.98553466796876,"orthographic":false}